name,link,tag,state,imagelinks
Chugach State Park,chugach_state_park_in_alaska.html,State Parks,Alaska,"['https://tse4.mm.bing.net/th/id/OIP.Mq_aOtIQ8FlUyjJEB90qDgHaE8', 'https://tse1.mm.bing.net/th/id/OIP.dm1BGg1DP6GDJHC2XR1LXgHaE7', 'https://tse2.mm.bing.net/th/id/OIP.TwmbZN57xbVyG2MZJCxiugHaE8', 'https://tse2.mm.bing.net/th/id/OIP.itPH_vA9PZiLatiWsf1JxQHaFA', 'https://tse2.mm.bing.net/th/id/OIP.c4SU3-GEP4ALVWsMRD455QHaFj', 'https://tse2.mm.bing.net/th/id/OIP.JWL8e7Vpb-GL6JdednCTOgHaE8', 'https://tse2.mm.bing.net/th/id/OIP.rCKHLFDv8rfpI-CydW4XogHaLG', 'https://tse3.mm.bing.net/th/id/OIP.jNtwkL4RIwGGQeU1yjpaTgHaE9', 'https://tse4.mm.bing.net/th/id/OIP.8MnUeZC7hGoIIyhTz3Z23wHaE8', 'https://tse3.mm.bing.net/th/id/OIP.cNTnbddbQvic1pyEZUwT3AHaEK', 'https://tse4.mm.bing.net/th/id/OIP.8bJDRYSc7AxTflUms9LfZwHaFj', 'https://tse2.mm.bing.net/th/id/OIP.7Xm8wql3I7pkAD8_HTNFQAHaE5', 'https://tse2.mm.bing.net/th/id/OIP.VisRKhxRRE6x4u9xmkaECQHaEK', 'https://tse4.mm.bing.net/th/id/OIP.5uq62Uosx4TbwA3AyN5WWgAAAA', 'https://tse1.mm.bing.net/th/id/OIP.mDK8qhyqK5beECRdtq-7HgHaB7', 'https://tse2.mm.bing.net/th/id/OIP.r-jnR__2NaPEbzbe0pxtEAHaFj', 'https://tse2.mm.bing.net/th/id/OIP.eMjjGY6i_OTDSyzV_56kKQHaFj', 'https://tse3.mm.bing.net/th/id/OIP.gASVRCjNTQd9aUfZ0rW_yQHaHa', 'https://tse3.mm.bing.net/th/id/OIP.J2EyAdJhYrFHNNS4q64R1gAAAA', 'https://tse4.mm.bing.net/th/id/OIP.IMj4HpHTE90XCk-TraJ5qAHaE8']"
Denali State Park,denali_state_park_in_alaska.html,State Parks,Alaska,"['https://tse4.mm.bing.net/th/id/OIP.hQOukvjWuKUBHpwjOrDIxAHaDz', 'https://tse1.mm.bing.net/th/id/OIP.Ycm8IR-lQwzVf5p11lgTHwHaCv', 'https://tse2.mm.bing.net/th/id/OIP.hVpcq3qks9E77beFE1tYqAHaEK', 'https://tse4.mm.bing.net/th/id/OIP.orSSs3cf58tEtU1JoWVNKQHaJ4', 'https://tse4.mm.bing.net/th/id/OIP.RRfPD5Xh4m5DV3KoC4ey0wHaEE', 'https://tse1.mm.bing.net/th/id/OIP.HLBv09lJT7309bv0nczCEgHaE8', 'https://tse3.mm.bing.net/th/id/OIP.wZWBLJIV_q01jtp_sJ6TvQHaJ4', 'https://tse3.mm.bing.net/th/id/OIP.3xN4-eW7CnMus4bnRFwUPwHaE8', 'https://tse1.mm.bing.net/th/id/OIP.3IomtngtuadQBKkuoKDF8gHaE8', 'https://tse1.mm.bing.net/th/id/OIP.0eDKmyLnaLb7M9auMB9AxAHaE8', 'https://tse2.mm.bing.net/th/id/OIP.sczGX11dUjhSqtj5OAsr0gHaEn', 'https://tse1.mm.bing.net/th/id/OIP.aM8D9KpWCS8p8b6qmofCqgHaCO', 'https://tse4.mm.bing.net/th/id/OIP.mtrw4i3pN_Wgc517Pb6RiwHaDo', 'https://tse1.mm.bing.net/th/id/OIP.Ry12hLl1sYymW4hhOUmdhQHaE8', 'https://tse3.mm.bing.net/th/id/OIP.aR2B28x-ZVBbFOvWwFXBwQHaFj', 'https://tse1.mm.bing.net/th/id/OIP.frbYrjaMhNsMx-uJ4k9HLAHaE8', 'https://tse1.mm.bing.net/th/id/OIP.miZd0j2A_w285GbiE9aknAHaCK', 'https://tse4.mm.bing.net/th/id/OIP.iHmvmlW7x9xD_Ec-8tpuugHaFM', 'https://tse2.mm.bing.net/th/id/OIP.ZYDgoEmk1oZNpU9USjE3zAHaFQ', 'https://tse3.mm.bing.net/th/id/OIP.vhDeG-pU14Kj4vVoHYLnRAHaEm']"
Kachemak Bay State Park,kachemak_bay_state_park_in_alaska.html,State Parks,Alaska,"['https://tse4.mm.bing.net/th/id/OIP.-G3lOMhCxrGk3p9sJwK26QHaFj', 'https://tse1.mm.bing.net/th/id/OIP.zbHG7P5xbvT_2S1gBdQoYwHaEs', 'https://tse2.mm.bing.net/th/id/OIP.uJzuUfgv1r8rSRlHQWzkmAHaHa', 'https://tse1.mm.bing.net/th/id/OIP.j7cM9Ujmh0K8bzhmkbHENAHaFj', 'https://tse3.mm.bing.net/th/id/OIP.PGKMwrr8Gixw1xa517_x-wHaJ4', 'https://tse4.mm.bing.net/th/id/OIP.kD-iAv-XmpJorK6ZLWhk_QHaFZ', 'https://tse3.mm.bing.net/th/id/OIP.6MU22voMD5ENrfYVxRnXMQHaEy', 'https://tse1.mm.bing.net/th/id/OIP.Q6RrNAgN1k9-hjl9GZDeHQHaE9', 'https://tse4.mm.bing.net/th/id/OIP.wfASXGfCL1BqGcryY92TJwHaE8', 'https://tse3.mm.bing.net/th/id/OIP.o6bG7GpeIOk1AupWg9_tMgHaEu', 'https://tse2.mm.bing.net/th/id/OIP.zta9P7tMkq9ZAUJTe6yLowHaFm', 'https://tse3.mm.bing.net/th/id/OIP.MTNUtdS-bQADBW9fMqmqLwHaEK', 'https://tse1.mm.bing.net/th/id/OIP.MRcQ30LDsaJ6kid4rLBhgAHaHa', 'https://tse1.mm.bing.net/th/id/OIP.KQJi0l_etzuKkW1WDrVxggHaFj', 'https://tse2.mm.bing.net/th/id/OIP.SakFB-yIHdHunZFw16VPTgHaFj', 'https://tse2.mm.bing.net/th/id/OIP.tkis3lmcREvDCPLd1jaUtQHaFj', 'https://tse1.mm.bing.net/th/id/OIP.TUKVG5Kdfa3mWcrMka1BMAHaE8', 'https://tse3.mm.bing.net/th/id/OIP.I1rlM-X--CqyRffCKrA-0wHaE6', 'https://tse1.mm.bing.net/th/id/OIP.UJXoShAoAlUxicj77t2E7AAAAA', 'https://tse2.mm.bing.net/th/id/OIP.KhEst8YPZXgN_Ocs4rNzPwHaEK']"
Wood-Tikchik State Park,wood-tikchik_state_park_in_alaska.html,State Parks,Alaska,"['https://tse4.mm.bing.net/th/id/OIP.wjrkrbQFR_K_pS3nPqvo3QHaFj', 'https://tse4.mm.bing.net/th/id/OIP.Q7gcciydUVudWVramxTdZgHaFS', 'https://tse2.mm.bing.net/th/id/OIP.ETeH73bTXjAs8PfoV-H3OwHaFS', 'https://tse3.mm.bing.net/th/id/OIP.qeaBS9RffXgQwykDN1N5vgHaG3', 'https://tse1.mm.bing.net/th/id/OIP.LNCM9IS0Jn7byILbGqfuLAHaFc', 'https://tse3.mm.bing.net/th/id/OIP.iyPcdocrwu6n_bp2jpj81AHaD9', 'https://tse3.mm.bing.net/th/id/OIP.1fm4R20qjArfrpgYHxmFBQHaFa', 'https://tse4.mm.bing.net/th/id/OIP.-bq0Nwu0mthXaZHaOBpIvAHaE7', 'https://tse1.mm.bing.net/th/id/OIP.KlN1YNJQpHiIA0S581xQgAHaCq', 'https://tse2.mm.bing.net/th/id/OIP.O2370ASxtPzBdaWvLpLo1QHaE1', 'https://tse2.mm.bing.net/th/id/OIP.kktJ3KVujB_fwrhPp-p-NQHaD8', 'https://tse1.mm.bing.net/th/id/OIP.Q0U0dO43MSYkR9xhbd2iOwHaFS', 'https://tse2.mm.bing.net/th/id/OIP.U6vf4o6L_cAfA-jlOxI-wwHaFj', 'https://tse1.mm.bing.net/th/id/OIP.IHdDuCLrfV9nRFGdRtGLcgHaJ3', 'https://tse3.mm.bing.net/th/id/OIP.kFR3CbAuksVBBdqRfnOldQAAAA', 'https://tse4.mm.bing.net/th/id/OIP.UTachHgSBnfaKT5_vqNGIgAAAA', 'https://tse2.mm.bing.net/th/id/OIP.9AtVhI8uD9GJVoD3eec1bAAAAA', 'https://tse1.mm.bing.net/th/id/OIP.EvQPj4yG9aYHO7hVOkgcwQHaFj', 'https://tse2.mm.bing.net/th/id/OIP.gablNRWxjJlZ8JXAYe5HFQHaFj', 'https://tse3.mm.bing.net/th/id/OIP.jdS0WiituQl7kFSpIckqYQHaFd']"
Kenai Fjords National Park,kenai_fjords_national_park_in_alaska.html,State Parks,Alaska,"['https://tse4.mm.bing.net/th/id/OIP.T3K_8mjg6wMLPQYhznIkigHaHa', 'https://tse2.mm.bing.net/th/id/OIP.aEXUGkpKgopTw17ijVZL3QHaEK', 'https://tse2.mm.bing.net/th/id/OIP.cJ2IryAcXdXVoAZcAevHOwHaEK', 'https://tse4.mm.bing.net/th/id/OIP.vnkrNTbTzt6nNkgqmeY_NgHaE8', 'https://tse2.mm.bing.net/th/id/OIP.Qa_t-6ytA5XhGvhESv2CNQHaEK', 'https://tse2.mm.bing.net/th/id/OIP.tuiOxtN048323yBSeXatZwHaE7', 'https://tse2.mm.bing.net/th/id/OIP.fyiL32vAgzBda1_vS9jGjQHaFj', 'https://tse4.mm.bing.net/th/id/OIP.gWEY4gjxGFzYNWimhW8O2QHaE8', 'https://tse2.mm.bing.net/th/id/OIP.gf39QmcfzHC-YD4McHhjTQHaEK', 'https://tse2.mm.bing.net/th/id/OIP.4jlfE9Lxa2ZGIMtuYJ_EOgHaFj', 'https://tse1.mm.bing.net/th/id/OIP.MFZroBQ24EaLBozaFCTaNwHaDg', 'https://tse2.mm.bing.net/th/id/OIP.VVUv2ZPNtdFRK305sNza3QHaEo', 'https://tse1.mm.bing.net/th/id/OIP.ZUTJTox-UywbLZtPesL-BAHaE8', 'https://tse2.mm.bing.net/th/id/OIP.jk_tDZrVv8ag7ZqpOQMbNgHaLH', 'https://tse2.mm.bing.net/th/id/OIP.cuKaNQyvCrLFIiNwnqbsEAHaLH', 'https://tse4.mm.bing.net/th/id/OIP.Nuy4LM3IduN9lgf96_wZpQHaE9', 'https://tse4.mm.bing.net/th/id/OIP.YzXRY3GufyIJ7jrknsVfPAHaE8', 'https://tse3.mm.bing.net/th/id/OIP.lj8MEpDPqzaDP-p8ccMMfQHaE8', 'https://tse3.mm.bing.net/th/id/OIP.7IJBc30f9qReB23icji4JQHaE6', 'https://tse3.mm.bing.net/th/id/OIP.Yf_uQOp5zoMcfmoHtnZEPgHaEM']"
Kobuk Valley National Park,kobuk_valley_national_park_in_alaska.html,State Parks,Alaska,"['https://tse4.mm.bing.net/th/id/OIP.17gaxPap9Kdg0f-YhF0dLAHaE8', 'https://tse3.mm.bing.net/th/id/OIP.loDw3ZpLaUjeRGB4Hnn1kAHaE8', 'https://tse3.mm.bing.net/th/id/OIP.F_GSlm73HPFjtbHMEHINUAHaEo', 'https://tse4.mm.bing.net/th/id/OIP.NPtyap6QumU0_B1Fo_NQvAHaE7', 'https://tse2.mm.bing.net/th/id/OIP.pqO6tyL8yznkodiSVcdoagHaE7', 'https://tse4.mm.bing.net/th/id/OIP.1mqHtCYqTb5hYeT_Z6Ok4QHaE8', 'https://tse4.mm.bing.net/th/id/OIP.fQ8pTNIQwRZODqF_ZM2JkAHaFj', 'https://tse4.mm.bing.net/th/id/OIP.v-lDfK3fwN8T0LFA1FqVqAHaEb', 'https://tse2.mm.bing.net/th/id/OIP.m4p3RLRUzyP0TDLgxwwniwHaC0', 'https://tse4.mm.bing.net/th/id/OIP.LEfA198SnOv3QebOlHG8DwHaFj', 'https://tse4.mm.bing.net/th/id/OIP.UxnJS-sqXoXrbncVyQw3pgHaFj', 'https://tse3.mm.bing.net/th/id/OIP.drWKaYYpTir6YHRNgDNBtAHaFj', 'https://tse4.mm.bing.net/th/id/OIP.CO5q2gtgnaIEnFUjf7WVJwHaE8', 'https://tse4.mm.bing.net/th/id/OIP.aHiPLosnVqUvb6GWkJuLQQHaEK', 'https://tse2.mm.bing.net/th/id/OIP.dbh8ZZ_OLPR7NRIos_qQzQHaE7', 'https://tse2.mm.bing.net/th/id/OIP.RHVaNqdAyvYTYgtzdXWdHgHaE8', 'https://tse2.mm.bing.net/th/id/OIP.-e_3pAWAkoNxnlJu380l1gHaE8', 'https://tse3.mm.bing.net/th/id/OIP.XKtgiQEnjxFbWY0SPE8bwwHaFF', 'https://tse2.mm.bing.net/th/id/OIP.DckY7fSdyGZxO-DPZjnBOQHaE8', 'https://tse3.mm.bing.net/th/id/OIP.LH-GlNPO5YajdyVFPxp3jgHaEy']"
Chugach National Forest,chugach_national_forest_in_alaska.html,State Parks,Alaska,"['https://tse3.mm.bing.net/th/id/OIP.3wiwkqw_wMNuBgVudzLg6gHaJ4', 'https://tse2.mm.bing.net/th/id/OIP.BIwqUJwYwiPezcdJlJTSpQHaD4', 'https://tse4.mm.bing.net/th/id/OIP.rkZprCo9sieo9BztZx-uBAHaFj', 'https://tse2.mm.bing.net/th/id/OIP.HW7IcYj40VR9hiYR2Sw8eAHaFj', 'https://tse1.mm.bing.net/th/id/OIP.GwVCBed49k5PuMPSiDGLJAHaJ4', 'https://tse1.mm.bing.net/th/id/OIP.lEGs9s5Uxz31w0Fi0AMoQQHaFi', 'https://tse3.mm.bing.net/th/id/OIP.yInw20dIHhzbOF4JREZ4fwHaJ4', 'https://tse2.mm.bing.net/th/id/OIP.rk-eWmf7TMR-9RUtdOZ6vAHaFl', 'https://tse2.mm.bing.net/th/id/OIP.vCrPckCJwFFswMlH11ypGgHaE8', 'https://tse2.mm.bing.net/th/id/OIP.RyAvLLI9YnAvkyMTs7RRjwHaFj', 'https://tse3.mm.bing.net/th/id/OIP.Jc1adlsKVSv5y3f_ijgVpgHaFj', 'https://tse2.mm.bing.net/th/id/OIP.wrOWRwu65qqv8_y8BlhNiwHaJ4', 'https://tse4.mm.bing.net/th/id/OIP.9CLBLVdHxn6KeFZMHHpVjAHaFj', 'https://tse2.mm.bing.net/th/id/OIP.HHKJvkq-krTDhytzfi94IgHaLH', 'https://tse4.mm.bing.net/th/id/OIP.s8YrSBkT2U0OynYGvs_eOQHaD4', 'https://tse3.mm.bing.net/th/id/OIP.OWmsFrQyEVZPX9cNMHesVgHaFj', 'https://tse1.mm.bing.net/th/id/OIP.nXT0Hjmnj49XGxsyEaP26wHaE6', 'https://tse2.mm.bing.net/th/id/OIP.ox0I0YFkiZ02VJac_1HWiQHaMG', 'https://tse2.mm.bing.net/th/id/OIP.1ps6dNW0orEan-4PugA6VwHaE8', 'https://tse3.mm.bing.net/th/id/OIP.K9ikYHdLA00MeNgm08ZAgQHaLH']"
Tongass National Forest,tongass_national_forest_in_alaska.html,State Parks,Alaska,"['https://tse2.mm.bing.net/th/id/OIP.zOL8Z6Ryjh9W5ri0lSzvlQHaE7', 'https://tse4.mm.bing.net/th/id/OIP.GPiNcpI0zPyk_A9vCZnMTAHaFj', 'https://tse3.mm.bing.net/th/id/OIP.xb8CY_TrlRLw-s8zJhGF3QHaE5', 'https://tse1.mm.bing.net/th/id/OIP.KxU9Ny5QUfdzvYP6xfPcWAHaE7', 'https://tse3.mm.bing.net/th/id/OIP.1QQVzbczrsGKkNX4TwnLkAHaJ4', 'https://tse2.mm.bing.net/th/id/OIP.5ZCvkuLdWhY1hXJkGuHBcgHaFj', 'https://tse3.mm.bing.net/th/id/OIP.ECT1tkKAULiygDXwIZHsiQHaEM', 'https://tse4.mm.bing.net/th/id/OIP.ZSAlEYZDT6XPJtgMCbyzwwHaFj', 'https://tse1.mm.bing.net/th/id/OIP.2N7gDMPRGlUmP78vpMfWPgHaF7', 'https://tse4.mm.bing.net/th/id/OIP.WsOMqDgNrSW4XfRasd9V2wHaFj', 'https://tse2.mm.bing.net/th/id/OIP.LyedQdFXb1t-LqLsXAW_TAHaE8', 'https://tse4.mm.bing.net/th/id/OIP.lw9c_TwKG1JG3iONjmKVUgHaG-', 'https://tse4.mm.bing.net/th/id/OIP.0HmhaRjWTLGOvTSCO8YSowHaE5', 'https://tse3.mm.bing.net/th/id/OIP.Rv_mMVKpRcRubEmbwlrr0QHaE8', 'https://tse2.mm.bing.net/th/id/OIP.68v-DmX7N2Sj2QBUSaFRywHaFj', 'https://tse1.mm.bing.net/th/id/OIP.FqTRmJfgIJ73fvoCdL_ziAHaEK', 'https://tse2.mm.bing.net/th/id/OIP.ZpD2mS13GCZ9JZtTNarsYQHaE8', 'https://tse4.mm.bing.net/th/id/OIP.uFueD-LxFHRVpmyWW6XeEwHaE8', 'https://tse2.mm.bing.net/th/id/OIP.NfdUuQWzJbRj8Kl2iktNAQHaE6', 'https://tse4.mm.bing.net/th/id/OIP.Hg8qlpmqXRyWNootviNyPQHaFE']"
Klondike Gold Rush National Historical Park,klondike_gold_rush_national_historical_park_in_alaska.html,State Parks,Alaska,"['https://tse1.mm.bing.net/th/id/OIP.wPattw62f8UMxsEQBHPpRAHaFj', 'https://tse2.mm.bing.net/th/id/OIP.DnX-uE3lMm3Ytp882hxtCQHaFj', 'https://tse4.mm.bing.net/th/id/OIP.xSE8IjTzXYHstinN-mLh9gHaEK', 'https://tse1.mm.bing.net/th/id/OIP.irILB367_X56c1V1xgLdFQHaEK', 'https://tse2.mm.bing.net/th/id/OIP.Fr_HPdwNBgE9F0XOb0V25gHaJ4', 'https://tse3.mm.bing.net/th/id/OIP.cVDcO7m31ygmRB4DbptmHgHaEp', 'https://tse1.mm.bing.net/th/id/OIP.H1AGKZR6q-M1cbKvoy7aaQAAAA', 'https://tse4.mm.bing.net/th/id/OIP.j08WyQygIcAv3wazKrknfAHaE7', 'https://tse4.mm.bing.net/th/id/OIP.EyjHLTle3XHM5dFnv-X0lgHaFj', 'https://tse3.mm.bing.net/th/id/OIP.nTwcYzgUAYO2k3Eqi414dwHaLH', 'https://tse3.mm.bing.net/th/id/OIP.HibOcCXB4rh2_SKfzlY1-QHaEK', 'https://tse1.mm.bing.net/th/id/OIP.aKAT96AdCL-Bc1L-WvyrCgHaFS', 'https://tse4.mm.bing.net/th/id/OIP.btdzwcj1gRwdltdjUaGhCwHaKg', 'https://tse3.mm.bing.net/th/id/OIP.iLCSuyVWtKL_qGIc8QMSFwHaE2', 'https://tse4.mm.bing.net/th/id/OIP.DIhfNbIVbwmMQ0xfIETy7gHaFS', 'https://tse3.mm.bing.net/th/id/OIP.bXLIEZGUqFewjYthUYOEoQHaDA', 'https://tse2.mm.bing.net/th/id/OIP.uwc5RsA4obFfsK7vajs0_QHaE9', 'https://tse3.mm.bing.net/th/id/OIP.4uKcep8Qg-3Xyc2WjFPvdgHaE0', 'https://tse1.mm.bing.net/th/id/OIP.We6B5o2nBXIq6htTzSblUAHaJ4', 'https://tse3.mm.bing.net/th/id/OIP.65kHROZ7WJeTT0GW5eIZewHaEK']"
Sitka National Historical Park,sitka_national_historical_park_in_alaska.html,State Recreation Areas,Alaska,"['https://tse3.mm.bing.net/th/id/OIP.sHSkmzEjSiKfZl2iylh9XwHaE8', 'https://tse4.mm.bing.net/th/id/OIP.CosbaiZjtTBM5O5ErRtRDAHaKX', 'https://tse1.mm.bing.net/th/id/OIP.lkQUgiTItSpSRpZlnTSN5AHaJ4', 'https://tse1.mm.bing.net/th/id/OIP._z2qpgfxOFiUCsXsdSJ_1wHaJ4', 'https://tse3.mm.bing.net/th/id/OIP.cJU9vWG3YCukTDsK-VXFiAHaJ0', 'https://tse2.mm.bing.net/th/id/OIP.qIwkEpdtnmZzLnohhSjkNgHaFj', 'https://tse4.mm.bing.net/th/id/OIP.UHq5yZ46BrV3G2pGmHRyNQHaFj', 'https://tse4.mm.bing.net/th/id/OIP.vY7GFFsKq7ktjZXYOniY9AHaE7', 'https://tse3.mm.bing.net/th/id/OIP.92Qy3pLmmt52jHIGmQYDLAHaEK', 'https://tse1.mm.bing.net/th/id/OIP.yO0t3QK2llcorldO3B0GRwHaLH', 'https://tse3.mm.bing.net/th/id/OIP.TPERXe_qPNjugfpAMrENOgHaD6', 'https://tse3.mm.bing.net/th/id/OIP.FmDYtHddoqZggH_2dFHQSAHaFw', 'https://tse4.mm.bing.net/th/id/OIP.1dTkmiQrd-Hk9tfm32-ZnAHaOC', 'https://tse2.mm.bing.net/th/id/OIP.2YjtilwEzJtf2G1YO0wrXQHaFj', 'https://tse1.mm.bing.net/th/id/OIP.66WNEHLytfEfhJG7rJbKYAHaFN', 'https://tse3.mm.bing.net/th/id/OIP.0xXKBj-NxhvAnG5H0S8nTAHaE7', 'https://tse3.mm.bing.net/th/id/OIP.pwlQgQY4fQG67a4kqvUzUQHaLG', 'https://tse2.mm.bing.net/th/id/OIP.ZzDWJkquMjrmVWMuTk2OlAHaEY', 'https://tse1.mm.bing.net/th/id/OIP.ootVf-fsmZZWICpxH7upGAHaKB']"
Aniakchak National Monument  Preserve,aniakchak_national_monument_preserve_in_alaska.html,State Recreation Areas,Alaska,"['https://tse3.mm.bing.net/th/id/OIP.zsvbsuxOxEGkfjvPiLnJ8gHaFj', 'https://tse2.mm.bing.net/th/id/OIP.rXtCdZ1B4r-J73HKSO8xCQHaE_', 'https://tse4.mm.bing.net/th/id/OIP.AXCmLTB22d6M3BbciEM-KgHaFj', 'https://tse1.mm.bing.net/th/id/OIP.pS_jPpc8kWZOUWmNS375mgHaFj', 'https://tse1.mm.bing.net/th/id/OIP.OunUf6-s_XcjIdxOKemcTAHaCX', 'https://tse2.mm.bing.net/th/id/OIP.R8xbODK-oA2OTBFpiX6rSAAAAA', 'https://tse3.mm.bing.net/th/id/OIP.R5Ccg_qcqgekHLPkn89M5AAAAA', 'https://tse3.mm.bing.net/th/id/OIP.Mts3pkeKFYuN6b9FgGUR2wHaFB', 'https://tse3.mm.bing.net/th/id/OIP.chb2xmxO8Unvg2XlKT5xuwHaFj', 'https://tse1.mm.bing.net/th/id/OIP.Mn9OGZm6i1as7FU3yce6WwHaFj', 'https://tse3.mm.bing.net/th/id/OIP.C9rNj3F8yE276OSmYO-clgAAAA', 'https://tse4.mm.bing.net/th/id/OIP.9t5lWqG6l2Nw-KsFpW00cAHaFV', 'https://tse3.mm.bing.net/th/id/OIP.Vg99SJC4u-6wTl-LuLSkuQHaD9', 'https://tse2.mm.bing.net/th/id/OIP.qfFT8o-IOG4TsG1Ar70CewHaFj', 'https://tse1.mm.bing.net/th/id/OIP.9hNkGmqDhSEjyQqN128u3QAAAA', 'https://tse4.mm.bing.net/th/id/OIP.mppcKlkVXdkbZ-KRzYg5IAHaDl', 'https://tse1.mm.bing.net/th/id/OIP.CIHeyki4DG5LArZrOG_OswHaFj', 'https://tse4.mm.bing.net/th/id/OIP.7nvZ4-mLhHT38EmvGWFM9wHaFM', 'https://tse1.mm.bing.net/th/id/OIP.QvfIXr8sx67dssMTkdnBpwHaKO', 'https://tse2.mm.bing.net/th/id/OIP.mqNdPRr2fIcLmGZVvbHzAwHaF2']"
Cape Krusenstern National Monument,cape_krusenstern_national_monument_in_alaska.html,State Recreation Areas,Alaska,"['https://tse4.mm.bing.net/th/id/OIP.rLVqLtJcUvF4tR6RqV5NAgHaD1', 'https://tse4.mm.bing.net/th/id/OIP.sA2n7RR31zV5Zs5BEugPHQHaDF', 'https://tse3.mm.bing.net/th/id/OIP.vRmBIl6b3tS6Sc0VcvRopQHaEK', 'https://tse3.mm.bing.net/th/id/OIP.n3NKx-Y8PSuAPFVBRJqKGgHaFj', 'https://tse3.mm.bing.net/th/id/OIP.IWwr71YBaju29w-qn-dyTAHaEw', 'https://tse3.mm.bing.net/th/id/OIP.v6WNhUTarGfSa0FnXPnrKgHaFk', 'https://tse3.mm.bing.net/th/id/OIP.__EEGCkFkNSRebCUsBmJ0gHaDF', 'https://tse1.mm.bing.net/th/id/OIP.nP1scAsUkdfcG5H3kbaKfAHaEK', 'https://tse4.mm.bing.net/th/id/OIP.r38dqfThQQghts4pyc59MQHaE9', 'https://tse1.mm.bing.net/th/id/OIP.3_l4R6wHwLbZL1OEDylCCAHaFj', 'https://tse2.mm.bing.net/th/id/OIP.cQRX6UzudrsG7VSGHFeryQHaEK', 'https://tse4.mm.bing.net/th/id/OIP.0IOPaJHS9Mi1FHwAlO1kGgHaD-', 'https://tse3.mm.bing.net/th/id/OIP.D1ow_faSFECv0C7k2TW1rAHaFA', 'https://tse1.mm.bing.net/th/id/OIP.lvaAs8NdgDjyU_yxnMWVOwAAAA', 'https://tse4.mm.bing.net/th/id/OIP.TuFEzsci7ZwXZRuviUEmogHaFl', 'https://tse4.mm.bing.net/th/id/OIP.gQqgD0aVBLIaAn54yNtIXQHaEK', 'https://tse4.mm.bing.net/th/id/OIP.5nz1Ox6m2sH0gVpmF09sBQHaCK', 'https://tse3.mm.bing.net/th/id/OIP.Kb4pnMU3_68bArv9EwoCowHaFj', 'https://tse2.mm.bing.net/th/id/OIP.RPb0LCqi67Djjfqyzcg5mAHaFi', 'https://tse1.mm.bing.net/th/id/OIP.xPPmglfnMMbSi4MgiXSlUAAAAA']"
Alaska Maritime National Wildlife Refuge,alaska_maritime_national_wildlife_refuge_in_alaska.html,State Recreation Areas,Alaska,"['https://tse3.mm.bing.net/th/id/OIP.h1j0rHMcrklzsFLwS_1bDgAAAA', 'https://tse4.mm.bing.net/th/id/OIP.CmyuUKmUTzp9aq1iMnK-dwAAAA', 'https://tse3.mm.bing.net/th/id/OIP.7JiWQPMRZs_1y9FynC6XPwHaFP', 'https://tse4.mm.bing.net/th/id/OIP.4XJUmdTeNI05JTLnG-M_swHaE8', 'https://tse1.mm.bing.net/th/id/OIP.BoatwoZ7QnjKhUCmQTC_9gHaEK', 'https://tse4.mm.bing.net/th/id/OIP.nSQIkMxziRnjwLJUTx1U7gHaFj', 'https://tse4.mm.bing.net/th/id/OIP.CFXZs2vCiWKqnjOd1r1xuAHaFj', 'https://tse3.mm.bing.net/th/id/OIP.jPuZvYSFFpvuw3BPci8tZgHaFj', 'https://tse1.mm.bing.net/th/id/OIP.TDF4X2pfEk3WLUnKtzr01QHaE8', 'https://tse1.mm.bing.net/th/id/OIP.E6Vfp7U4a9wfsdkEd8STUwHaE6', 'https://tse4.mm.bing.net/th/id/OIP.sgf7F62VjYps2D1cTGmYNQHaFe', 'https://tse2.mm.bing.net/th/id/OIP.wJZZKgk4y9BUaOKmOJNcOgAAAA', 'https://tse1.mm.bing.net/th/id/OIP.pG2B66CRxP08PS_gI1Ez1QHaHa', 'https://tse4.mm.bing.net/th/id/OIP.vst0ZlrGCoQkQt8VMxIXEQHaE8', 'https://tse1.mm.bing.net/th/id/OIP.jwVbwo5UgM4LtDrwnxGPugHaJ4', 'https://tse4.mm.bing.net/th/id/OIP.GXFD9RAJ3faW3siGzMd9dwHaEf', 'https://tse2.mm.bing.net/th/id/OIP.N44VE8LVcsmjnTto4vqQtAHaFj', 'https://tse3.mm.bing.net/th/id/OIP.DdAxuaHk5lOWKRCv4eBQXQHaJQ', 'https://tse4.mm.bing.net/th/id/OIP.9KdbTdjJYqYDnUiz-e56IAHaEy', 'https://tse1.mm.bing.net/th/id/OIP.yaCRNvyOS4pf2tUrUnfjkQAAAA']"
Alaska Peninsula National Wildlife Refuge,alaska_peninsula_national_wildlife_refuge_in_alaska.html,State Recreation Areas,Alaska,"['https://tse4.mm.bing.net/th/id/OIP.qkrZKunJPtp3IGKDAvXXlwHaE_', 'https://tse3.mm.bing.net/th/id/OIP.c8vXof7p4d2sWBuyZ4vaKwHaFC', 'https://tse3.mm.bing.net/th/id/OIP.A7SUJMA7iStMo2MQjNyutgHaDm', 'https://tse2.mm.bing.net/th/id/OIP.lRuiLtATws0V4LlLJfcKHgHaEA', 'https://tse3.mm.bing.net/th/id/OIP.MsTbc2KMmKwTvc6tryhxgAHaE8', 'https://tse2.mm.bing.net/th/id/OIP.Hh1K4ENvGaDgni8c8uJHrQHaJl', 'https://tse3.mm.bing.net/th/id/OIP.FQb2lpKzu0v3ObzgwdVd6AHaE8', 'https://tse1.mm.bing.net/th/id/OIP.BxQCyxDg8Ol27KancNwoHAAAAA', 'https://tse3.mm.bing.net/th/id/OIP.xSw8BK52V8XLmHM9zcVYTgHaEL', 'https://tse4.mm.bing.net/th/id/OIP.oGgB11uo3_BgPAuaxEMJsAAAAA', 'https://tse4.mm.bing.net/th/id/OIP.6nXXW9G_YOrxT6S1T5WcbwHaFj', 'https://tse3.mm.bing.net/th/id/OIP.U2V2G6n3SIr1Jkh93m9uAgHaLI', 'https://tse2.mm.bing.net/th/id/OIP.-_KpdlP0GtdUfNbAbwp_IQHaFd', 'https://tse3.mm.bing.net/th/id/OIP.vztUPCoWeXKei3kC4YPw0gHaEd', 'https://tse3.mm.bing.net/th/id/OIP.iCgBLuRD-oWlv3eVfFxExwHaFj', 'https://tse4.mm.bing.net/th/id/OIP.COZvmo6DLLpiQj_GoaP_UAAAAA', 'https://tse4.mm.bing.net/th/id/OIP.EmYln5Y9w22bxwkGIc7SAwHaEA', 'https://tse4.mm.bing.net/th/id/OIP.j8xi9mXK_zp4d1nLDyG2jgAAAA', 'https://tse4.mm.bing.net/th/id/OIP.CUh8OSoucF958BsAXkxo3gAAAA', 'https://tse2.mm.bing.net/th/id/OIP.ElWvQTJvlELNY27n2qfc8wAAAA']"
